{
  "resourceType": "ImplementationGuide",
  "id": "SWAT4HCLS.F4F.Tutorial.R5",
  "url": "http://fhir4fair-swat4hcls2024-r5.org/ImplementationGuide/SWAT4HCLS.F4F.Tutorial.R5",
  "version": "0.1.0",
  "name": "SWAT4HCLSF4FTutorialR5",
  "status": "draft",
  "publisher": "EFMI Working group \"FAIR data in Health Research Performing Organizations\"",
  "contact": [
    {
      "name": "EFMI Working group \"FAIR data in Health Research Performing Organizations\"",
      "telecom": [
        {
          "system": "url",
          "value": "https://efmi.org/workinggroups/fair-fair-data-in-health-research-performing-organizations-hrpos/"
        }
      ]
    }
  ],
  "packageId": "SWAT4HCLS.F4F.Tutorial.R5",
  "fhirVersion": [
    "5.0.0"
  ],
  "definition": {
    "resource": [
      {
        "reference": {
          "reference": "StructureDefinition/ext-data-management-plan"
        },
        "name": "EXT Data Management Plan",
        "description": "Extension enabling to precise the availability of a data management plan.",
        "isExample": false
      },
      {
        "reference": {
          "reference": "StructureDefinition/ext-number-of-sites"
        },
        "name": "EXT Number Of Sites",
        "description": "Extension enabling to precise how many sites participate to the study.",
        "isExample": false
      },
      {
        "reference": {
          "reference": "ResearchStudy/FHIRR5InstanceOfStudyLIVERTWOHEAL"
        },
        "name": "FHIR R5 Instance of Study LIVERT(W)OHEAL",
        "description": "Example data using core FHIR R5 describing the LIVERT(W)OHEAL study - Living donor liver transplantation with two stage hepatectomy for patients with isolated, irresectable colorectal liver metastases",
        "isExample": true
      },
      {
        "reference": {
          "reference": "CodeSystem/local-concepts"
        },
        "name": "Local Concepts",
        "description": "Code system defining concepts without mapping to concepts from international terminologies, ontologies, classifications, etc..",
        "isExample": false
      },
      {
        "reference": {
          "reference": "ValueSet/vs-data-management-plan-availability-ncit-local"
        },
        "name": "ValueSet Data Management Plan Availability [NCIt, Local]",
        "description": "Value set defining codes to describe if the data management plan of a study is available or not.",
        "isExample": false
      },
      {
        "reference": {
          "reference": "ValueSet/vs-provenance-activity-type-hl7-ncit"
        },
        "name": "ValueSet Provenance Activity Type [HL7, NCIt]",
        "description": "Value set defining codes to describe the provenance activity.",
        "isExample": false
      },
      {
        "reference": {
          "reference": "ValueSet/vs-provenance-agent-role-hl7-ncit"
        },
        "name": "ValueSet Provenance Agent Role [HL7, NCIt]",
        "description": "Value set defining codes to describe the role an agent had in a Provenance resource.",
        "isExample": false
      }
    ],
    "page": {
      "title": "Table of Contents",
      "generation": "html",
      "page": [
        {
          "title": "Home",
          "generation": "markdown",
          "name": "index.html",
          "sourceUrl": "index.html"
        }
      ],
      "name": "toc.html",
      "sourceUrl": "toc.html"
    },
    "parameter": [
      {
        "code": {
          "code": "copyrightyear",
          "system": "http://hl7.org/fhir/tools/CodeSystem/ig-parameters"
        },
        "value": "2024+"
      },
      {
        "code": {
          "code": "releaselabel",
          "system": "http://hl7.org/fhir/tools/CodeSystem/ig-parameters"
        },
        "value": "ci-build"
      }
    ]
  }
}
