{
  "resourceType": "StructureDefinition",
  "id": "ext-number-of-sites",
  "extension": [
    {
      "url": "http://hl7.org/fhir/StructureDefinition/structuredefinition-type-characteristics",
      "valueCode": "can-bind"
    }
  ],
  "url": "http://fhir4fair-swat4hcls2024.org/Extension/ext-number-of-sites",
  "version": "0.9",
  "name": "EXT_Number_Of_Sites",
  "title": "EXT Number Of Sites",
  "status": "draft",
  "experimental": true,
  "publisher": "EFMI Working group 'FAIR data in Health Research Performing Organizations'",
  "contact": [
    {
      "telecom": [
        {
          "system": "url",
          "value": "https://efmi.org/workinggroups/fair-fair-data-in-health-research-performing-organizations-hrpos/"
        }
      ]
    }
  ],
  "description": "Extension enabling to precise how many sites participate to the study.",
  "fhirVersion": "5.0.0",
  "mapping": [
    {
      "identity": "rim",
      "uri": "http://hl7.org/v3",
      "name": "RIM Mapping"
    }
  ],
  "kind": "complex-type",
  "abstract": false,
  "context": [
    {
      "type": "element",
      "expression": "Element"
    }
  ],
  "type": "Extension",
  "baseDefinition": "http://hl7.org/fhir/StructureDefinition/Extension",
  "derivation": "constraint",
  "differential": {
    "element": [
      {
        "id": "Extension",
        "path": "Extension",
        "short": "EXT Number Of Sites",
        "definition": "Extension enabling to precise how many sites participate to the study."
      },
      {
        "id": "Extension.extension",
        "path": "Extension.extension",
        "max": "0"
      },
      {
        "id": "Extension.url",
        "path": "Extension.url",
        "fixedUri": "http://fhir4fair-swat4hcls2024.org/Extension/ext-number-of-sites"
      },
      {
        "id": "Extension.value[x]",
        "path": "Extension.value[x]",
        "type": [
          {
            "code": "integer"
          }
        ]
      }
    ]
  }
}
