{
  "resourceType": "ImplementationGuide",
  "id": "SWAT4HCLS.F4F.Tutorial.R4B",
  "url": "http://fhir4fair-swat4hcls2024-r4b.org/ImplementationGuide/SWAT4HCLS.F4F.Tutorial.R4B",
  "version": "0.1.0",
  "name": "SWAT4HCLSFHIR4FAIRTutorialR4B",
  "status": "draft",
  "publisher": "EFMI Working group \"FAIR data in Health Research Performing Organizations\"",
  "contact": [
    {
      "name": "EFMI Working group \"FAIR data in Health Research Performing Organizations\"",
      "telecom": [
        {
          "system": "url",
          "value": "https://efmi.org/workinggroups/fair-fair-data-in-health-research-performing-organizations-hrpos/"
        }
      ]
    }
  ],
  "packageId": "SWAT4HCLS.F4F.Tutorial.R4B",
  "fhirVersion": [
    "4.3.0"
  ],
  "dependsOn": [
    {
      "packageId": "hl7.fhir.uv.fhir-for-fair",
      "version": "1.0.0",
      "uri": "http://hl7.org/fhir/uv/fhir-for-fair/ImplementationGuide/hl7.fhir.uv.fhir-for-fair",
      "id": "hl7_fhir_uv_fhir_for_fair"
    }
  ],
  "definition": {
    "resource": [
      {
        "reference": {
          "reference": "ResearchStudy/FHIR4FAIRInstanceOfStudyLIVERTWOHEAL"
        },
        "name": "FHIR4FAIR Instance of Study LIVERT(W)OHEAL",
        "description": "Example data using core the FHIR4FAIR IG and R4B describing the LIVERT(W)OHEAL study - Living donor liver transplantation with two stage hepatectomy for patients with isolated, irresectable colorectal liver metastases",
        "exampleBoolean": true
      },
      {
        "reference": {
          "reference": "StructureDefinition/fhirr4b-ext-acronym"
        },
        "name": "FHIRR4B EXT Acronym",
        "description": "Extension enabling the definition of an acronym.",
        "exampleBoolean": false
      },
      {
        "reference": {
          "reference": "CodeSystem/local-concepts"
        },
        "name": "Local Concepts",
        "description": "Code system defining concepts without mapping to concepts from international terminologies, ontologies, classifications, etc..",
        "exampleBoolean": false
      },
      {
        "reference": {
          "reference": "ValueSet/vs-data-management-plan-availability-ncit-local"
        },
        "name": "ValueSet Data Management Plan Availability [NCIt, Local]",
        "description": "Value set defining codes to describe if the data management plan of a study is available or not.",
        "exampleBoolean": false
      },
      {
        "reference": {
          "reference": "ValueSet/vs-provenance-activity-type-hl7-ncit"
        },
        "name": "ValueSet Provenance Activity Type [HL7, NCIt]",
        "description": "Value set defining codes to describe the provenance activity.",
        "exampleBoolean": false
      },
      {
        "reference": {
          "reference": "ValueSet/vs-provenance-agent-role-hl7-ncit"
        },
        "name": "ValueSet Provenance Agent Role [HL7, NCIt]",
        "description": "Value set defining codes to describe the role an agent had in a Provenance resource.",
        "exampleBoolean": false
      }
    ],
    "page": {
      "nameUrl": "toc.html",
      "title": "Table of Contents",
      "generation": "html",
      "page": [
        {
          "nameUrl": "index.html",
          "title": "Home",
          "generation": "markdown"
        }
      ]
    },
    "parameter": [
      {
        "code": "copyrightyear",
        "value": "2024+"
      },
      {
        "code": "releaselabel",
        "value": "ci-build"
      }
    ]
  }
}
