{
  "resourceType": "ResearchStudy",
  "id": "FHIR4FAIRInstanceOfStudyLIVERTWOHEAL",
  "identifier": [
    {
      "system": "http://clinicaltrials.gov",
      "value": "NCT03488953"
    },
    {
      "system": "http://localhost:3000/",
      "value": "investigations/3"
    }
  ],
  "extension": [
    {
      "valueUsageContext": {
        "valueQuantity": {
          "value": 40
        },
        "code": {
          "code": "C49692",
          "display": "Planned Subject Number (Group Attribute)"
        }
      },
      "url": "http://hl7.org/fhir/uv/fhir-for-fair/StructureDefinition/researchStudy-context",
      "valueString": "LIVERT(W)OHEAL"
    },
    {
      "valueUsageContext": {
        "valueCodeableConcept": {
          "coding": [
            {
              "code": "C49487",
              "system": "http://ncicb.nci.nih.gov/xml/owl/EVS/Thesaurus.owl",
              "display": "No (Classification)"
            }
          ]
        },
        "code": {
          "code": "C115756",
          "display": "Data Management Plan (Intellectual Product)"
        }
      },
      "url": "http://hl7.org/fhir/uv/fhir-for-fair/StructureDefinition/researchStudy-context"
    },
    {
      "valueUsageContext": {
        "valueQuantity": {
          "value": 2
        },
        "code": {
          "code": "002",
          "system": "http://fhir4fair-swat4hcls2024.org/ValueSet/CodeSystem/local-concepts",
          "display": "Number of sites"
        }
      },
      "url": "http://hl7.org/fhir/uv/fhir-for-fair/StructureDefinition/researchStudy-context"
    }
  ],
  "category": [
    {
      "coding": [
        {
          "code": "C98388",
          "system": "http://ncicb.nci.nih.gov/xml/owl/EVS/Thesaurus.owl",
          "display": "Interventional Study (Research Activity)"
        }
      ]
    }
  ],
  "period": {
    "start": "2018-04-10",
    "end": "2024-12-31"
  },
  "contact": [
    {
      "name": "Matthias Löbe"
    }
  ],
  "condition": [
    {
      "coding": [
        {
          "system": "http://hl7.org/fhir/sid/icd-10",
          "code": "C18.9",
          "display": "Malignant neoplasm: Colon, unspecified"
        }
      ]
    }
  ],
  "relatedArtifact": [
    {
      "extension": [
        {
          "url": "http://hl7.org/fhir/uv/fhir-for-fair/StructureDefinition/classifier",
          "valueCodeableConcept": {
            "coding": [
              {
                "code": "webpage",
                "display": "Webpage"
              }
            ]
          }
        }
      ],
      "type": "documentation",
      "url": "https://www.uniklinikum-jena.de/acv/Forschung/Klinische+Studien.html"
    }
  ],
  "status": "active",
  "title": "Living donor liver transplantation with two stage hepatectomy for patients with isolated, irresectable colorectal liver metastases",
  "description": "Nearly one third of patients with colorectal cancer develop liver metastases. It is well known that the achievement of a R0-situation is one of the most important factors for a positive long-term outcome. Despite further advantages in multimodal treatment concepts, only 20 - 30 % of the patients with metastases can be resected in curative intention.\r\n\r\nRecent studies, especially from Norway, have shown that liver transplantation might be a feasible option in well selected patients since the complete hepatectomy with subsequent liver transplantation can be an option for the achievement of a R0 situation.\r\n\r\nIn this study, we pursue the strategy of two-stage hepatectomy combined with a left-lateral living donor liver transplantation.\r\n\r\nInclusion criteria are as follows: non-resectable liver metastases of a primary colorectal carcinoma with an assumed portal-venous drainage of the tumor and at least a \"stable disease\" after a period of eight weeks systemic chemotherapy. Patients are excluded from the study if there is an extrahepatic tumor burden (with the exception of resectable lung metastases) or if the patient is not suitable for liver transplantation due to co-morbidities.\r\n\r\nThe transplantation itself will be undertaken as a living donor liver transplantation where the left lateral liver lobe (liver segments 2 & 3) from a healthy volunteer donor will serve as graft. Prior transplantation, a left hemihepatectomy in the recipient is performed and the left lateral graft will be transplanted in this position. At the end of the transplantation procedure, the right portal vein will be closed to induce a rapid growth of the graft. The second step, and therefore the completion of the operation is performed after a growth period of the transplanted left-lateral lobe: in this procedure, the right hemi-liver of the recipient will be removed and the patient is supposed to be free of tumor at this point in time.",
  "principalInvestigator": {
    "reference": "Practitioner/FHIRR4BInstanceOfPractitionerFalkRauchfuss"
  },
  "sponsor": {
    "reference": "Organization/FHIRR4BInstanceOfOrganizationUniklinikumJena"
  }
}
