{
  "resourceType": "StructureDefinition",
  "id": "fhirr4b-ext-acronym",
  "url": "http://fhir4fair-swat4hcls2024.org/Extension/fhirr4b-ext-acronym",
  "version": "0.9",
  "name": "FHIRR4_EXT_Acronym",
  "title": "FHIRR4B EXT Acronym",
  "status": "draft",
  "experimental": true,
  "publisher": "EFMI Working group 'FAIR data in Health Research Performing Organizations'",
  "contact": [
    {
      "telecom": [
        {
          "system": "url",
          "value": "https://efmi.org/workinggroups/fair-fair-data-in-health-research-performing-organizations-hrpos/"
        }
      ]
    }
  ],
  "description": "Extension enabling the definition of an acronym.",
  "fhirVersion": "4.3.0",
  "mapping": [
    {
      "identity": "rim",
      "uri": "http://hl7.org/v3",
      "name": "RIM Mapping"
    }
  ],
  "kind": "complex-type",
  "abstract": false,
  "context": [
    {
      "type": "element",
      "expression": "Element"
    }
  ],
  "type": "Extension",
  "baseDefinition": "http://hl7.org/fhir/StructureDefinition/Extension",
  "derivation": "constraint",
  "differential": {
    "element": [
      {
        "id": "Extension",
        "path": "Extension",
        "short": "FHIRR4B EXT Acronym",
        "definition": "Extension enabling the definition of an acronym."
      },
      {
        "id": "Extension.extension",
        "path": "Extension.extension",
        "max": "0"
      },
      {
        "id": "Extension.url",
        "path": "Extension.url",
        "fixedUri": "http://fhir4fair-swat4hcls2024.org/Extension/fhirr4b-ext-acronym"
      },
      {
        "id": "Extension.value[x]",
        "path": "Extension.value[x]",
        "type": [
          {
            "code": "string"
          }
        ]
      }
    ]
  }
}
