{
  "resourceType": "ValueSet",
  "status": "draft",
  "name": "VS_Data_Management_Plan_Availability_NCIT_Local",
  "id": "vs-data-management-plan-availability-ncit-local",
  "title": "ValueSet Data Management Plan Availability [NCIt, Local]",
  "description": "Value set defining codes to describe if the data management plan of a study is available or not.",
  "url": "http://fhir4fair-swat4hcls2024.org/ValueSet/vs-data-management-plan-availability-ncit-local",
  "version": "0.9",
  "experimental": true,
  "publisher": "EFMI Working group 'FAIR data in Health Research Performing Organizations'",
  "contact": [
    {
      "telecom": [
        {
          "system": "url",
          "value": "https://efmi.org/workinggroups/fair-fair-data-in-health-research-performing-organizations-hrpos/"
        }
      ]
    }
  ],
  "compose": {
    "include": [
      {
        "system": "http://ncicb.nci.nih.gov/xml/owl/EVS/Thesaurus.owl",
        "concept": [
          {
            "code": "C49488",
            "display": "Yes (Idea or Concept)"
          },
          {
            "code": "C49487",
            "display": "No (Classification)"
          }
        ]
      },
      {
        "system": "http://fhir4fair-swat4hcls2024.org/ValueSet/CodeSystem/local-concepts",
        "concept": [
          {
            "code": "001",
            "display": "On demand"
          }
        ]
      }
    ]
  }
}
