{
  "resourceType": "ValueSet",
  "status": "draft",
  "name": "VS_Provenance_Activity_Type_HL7_NCIT",
  "id": "vs-provenance-activity-type-hl7-ncit",
  "title": "ValueSet Provenance Activity Type [HL7, NCIt]",
  "description": "Value set defining codes to describe the provenance activity.",
  "url": "http://fhir4fair-swat4hcls2024.org/ValueSet/vs-provenance-activity-type-hl7-ncit",
  "version": "0.9",
  "experimental": true,
  "publisher": "EFMI Working group 'FAIR data in Health Research Performing Organizations'",
  "contact": [
    {
      "telecom": [
        {
          "system": "url",
          "value": "https://efmi.org/workinggroups/fair-fair-data-in-health-research-performing-organizations-hrpos/"
        }
      ]
    }
  ],
  "compose": {
    "include": [
      {
        "system": "http://hl7.org/fhir/R4/valueset-provenance-activity-type.html"
      },
      {
        "system": "http://ncicb.nci.nih.gov/xml/owl/EVS/Thesaurus.owl",
        "concept": [
          {
            "code": "C25695",
            "display": "Submission (Functional Concept)"
          }
        ]
      }
    ]
  }
}
