{
  "resourceType": "CodeSystem",
  "status": "draft",
  "content": "complete",
  "name": "Local_Concepts",
  "id": "local-concepts",
  "title": "Local Concepts",
  "description": "Code system defining concepts without mapping to concepts from international terminologies, ontologies, classifications, etc..",
  "url": "http://fhir4fair-swat4hcls2024.org/ValueSet/CodeSystem/local-concepts",
  "concept": [
    {
      "code": "001",
      "display": "On demand",
      "definition": "The document is available upon request."
    }
  ],
  "version": "0.9",
  "experimental": true,
  "publisher": "EFMI Working group 'FAIR data in Health Research Performing Organizations'",
  "contact": [
    {
      "telecom": [
        {
          "system": "url",
          "value": "https://efmi.org/workinggroups/fair-fair-data-in-health-research-performing-organizations-hrpos/"
        }
      ]
    }
  ],
  "count": 1
}
