{
  "resourceType": "ImplementationGuide",
  "id": "SWAT4HCLS.F4F.Tutorial.R4",
  "url": "http://fhir4fair-swat4hcls2024-r4.org/ImplementationGuide/SWAT4HCLS.F4F.Tutorial.R4",
  "version": "0.1.0",
  "name": "SWAT4HCLSFHIR4FAIRTutorialR4",
  "status": "draft",
  "publisher": "EFMI Working group \"FAIR data in Health Research Performing Organizations\"",
  "contact": [
    {
      "name": "EFMI Working group \"FAIR data in Health Research Performing Organizations\"",
      "telecom": [
        {
          "system": "url",
          "value": "https://efmi.org/workinggroups/fair-fair-data-in-health-research-performing-organizations-hrpos/"
        }
      ]
    }
  ],
  "packageId": "SWAT4HCLS.F4F.Tutorial.R4",
  "fhirVersion": [
    "4.0.1"
  ],
  "dependsOn": [
    {
      "packageId": "hl7.fhir.uv.extensions.r4",
      "version": "1.0.0",
      "uri": "http://hl7.org/fhir/extensions/ImplementationGuide/hl7.fhir.uv.extensions",
      "id": "hl7_fhir_uv_extensions_r4"
    },
    {
      "packageId": "de.nfdi4health.mds",
      "version": "1.0.0",
      "uri": "http://fhir.org/packages/de.nfdi4health.mds/ImplementationGuide/de.nfdi4health.mds",
      "id": "de_nfdi4health_mds"
    },
    {
      "packageId": "de.medizininformatikinitiative.kerndatensatz.studie",
      "version": "1.0.0",
      "uri": "http://fhir.org/packages/de.medizininformatikinitiative.kerndatensatz.studie/ImplementationGuide/de.medizininformatikinitiative.kerndatensatz.studie",
      "id": "de_medizininformatikinitiative_kerndatensatz_studie"
    }
  ],
  "definition": {
    "resource": [
      {
        "reference": {
          "reference": "StructureDefinition/ext-data-management-plan"
        },
        "name": "EXT Data Management Plan",
        "description": "Extension enabling to precise the availability of a data management plan.",
        "exampleBoolean": false
      },
      {
        "reference": {
          "reference": "StructureDefinition/ext-number-of-sites"
        },
        "name": "EXT Number Of Sites",
        "description": "Extension enabling to precise how many sites participate to the study.",
        "exampleBoolean": false
      },
      {
        "reference": {
          "reference": "ResearchStudy/FHIRR4InstanceOfStudyLIVERTWOHEAL"
        },
        "name": "FHIR R4 Instance of Study LIVERT(W)OHEAL",
        "description": "Example data using core FHIR R4 describing the LIVERT(W)OHEAL study - Living donor liver transplantation with two stage hepatectomy for patients with isolated, irresectable colorectal liver metastases",
        "exampleBoolean": true
      },
      {
        "reference": {
          "reference": "StructureDefinition/fhirr4-ext-acronym"
        },
        "name": "FHIRR4 EXT Acronym",
        "description": "Extension enabling the definition of an acronym.",
        "exampleBoolean": false
      },
      {
        "reference": {
          "reference": "CodeSystem/local-concepts"
        },
        "name": "Local Concepts",
        "description": "Code system defining concepts without mapping to concepts from international terminologies, ontologies, classifications, etc..",
        "exampleBoolean": false
      },
      {
        "reference": {
          "reference": "ResearchStudy/MIIInstanceOfStudyLIVERTWOHEAL"
        },
        "name": "MII Instance of Study LIVERT(W)OHEAL",
        "description": "Example data using core MII IG describing the LIVERT(W)OHEAL study - Living donor liver transplantation with two stage hepatectomy for patients with isolated, irresectable colorectal liver metastases",
        "exampleBoolean": true
      },
      {
        "reference": {
          "reference": "ResearchStudy/NFDI4HealthInstanceOfStudyLIVERTWOHEAL"
        },
        "name": "NFDI4Health Instance of Study LIVERT(W)OHEAL",
        "description": "Example data using the NFDI4Health IG describing the LIVERT(W)OHEAL study - Living donor liver transplantation with two stage hepatectomy for patients with isolated, irresectable colorectal liver metastases",
        "exampleBoolean": true
      },
      {
        "reference": {
          "reference": "ValueSet/vs-data-management-plan-availability-ncit-local"
        },
        "name": "ValueSet Data Management Plan Availability [NCIt, Local]",
        "description": "Value set defining codes to describe if the data management plan of a study is available or not.",
        "exampleBoolean": false
      },
      {
        "reference": {
          "reference": "ValueSet/vs-provenance-activity-type-hl7-ncit"
        },
        "name": "ValueSet Provenance Activity Type [HL7, NCIt]",
        "description": "Value set defining codes to describe the provenance activity.",
        "exampleBoolean": false
      },
      {
        "reference": {
          "reference": "ValueSet/vs-provenance-agent-role-hl7-ncit"
        },
        "name": "ValueSet Provenance Agent Role [HL7, NCIt]",
        "description": "Value set defining codes to describe the role an agent had in a Provenance resource.",
        "exampleBoolean": false
      },
      {
        "reference": {
          "reference": "ValueSet/vs-study-design-ncit"
        },
        "name": "ValueSet Study Primary Design [NCIt]",
        "description": "Value set defining codes to describe the primary design of a study.",
        "exampleBoolean": false
      }
    ],
    "page": {
      "nameUrl": "toc.html",
      "title": "Table of Contents",
      "generation": "html",
      "page": [
        {
          "nameUrl": "index.html",
          "title": "Home",
          "generation": "markdown"
        }
      ]
    },
    "parameter": [
      {
        "code": "copyrightyear",
        "value": "2024+"
      },
      {
        "code": "releaselabel",
        "value": "ci-build"
      }
    ]
  }
}
