{
  "resourceType": "StructureDefinition",
  "id": "ext-data-management-plan",
  "url": "http://fhir4fair-swat4hcls2024.org/Extension/ext-data-management-plan",
  "version": "0.9",
  "name": "EXT_Data_Management_Plan",
  "title": "EXT Data Management Plan",
  "status": "draft",
  "experimental": true,
  "publisher": "EFMI Working group 'FAIR data in Health Research Performing Organizations'",
  "contact": [
    {
      "telecom": [
        {
          "system": "url",
          "value": "https://efmi.org/workinggroups/fair-fair-data-in-health-research-performing-organizations-hrpos/"
        }
      ]
    }
  ],
  "description": "Extension enabling to precise the availability of a data management plan.",
  "fhirVersion": "4.0.1",
  "mapping": [
    {
      "identity": "rim",
      "uri": "http://hl7.org/v3",
      "name": "RIM Mapping"
    }
  ],
  "kind": "complex-type",
  "abstract": false,
  "context": [
    {
      "type": "element",
      "expression": "Element"
    }
  ],
  "type": "Extension",
  "baseDefinition": "http://hl7.org/fhir/StructureDefinition/Extension",
  "derivation": "constraint",
  "differential": {
    "element": [
      {
        "id": "Extension",
        "path": "Extension",
        "short": "EXT Data Management Plan",
        "definition": "Extension enabling to precise the availability of a data management plan."
      },
      {
        "id": "Extension.extension",
        "path": "Extension.extension",
        "max": "0"
      },
      {
        "id": "Extension.url",
        "path": "Extension.url",
        "fixedUri": "http://fhir4fair-swat4hcls2024.org/Extension/ext-data-management-plan"
      },
      {
        "id": "Extension.value[x]",
        "path": "Extension.value[x]",
        "type": [
          {
            "code": "Coding"
          }
        ],
        "binding": {
          "strength": "required",
          "valueSet": "http://fhir4fair-swat4hcls2024.org/ValueSet/vs-data-management-plan-availability-ncit-local"
        }
      }
    ]
  }
}
