{
  "resourceType": "ValueSet",
  "status": "draft",
  "name": "VS_Study_Design_NCIT",
  "id": "vs-study-design-ncit",
  "title": "ValueSet Study Primary Design [NCIt]",
  "description": "Value set defining codes to describe the primary design of a study.",
  "url": "http://fhir4fair-swat4hcls2024.org/ValueSet/vs-study-design-nci",
  "version": "0.9",
  "experimental": true,
  "publisher": "EFMI Working group 'FAIR data in Health Research Performing Organizations'",
  "contact": [
    {
      "telecom": [
        {
          "system": "url",
          "value": "https://efmi.org/workinggroups/fair-fair-data-in-health-research-performing-organizations-hrpos/"
        }
      ]
    }
  ],
  "compose": {
    "include": [
      {
        "system": "http://ncicb.nci.nih.gov/xml/owl/EVS/Thesaurus.owl",
        "concept": [
          {
            "code": "C98388",
            "display": "Interventional Study (Research Activity)"
          },
          {
            "code": "C16084",
            "display": "Observational Study (Research Activity)"
          },
          {
            "code": "C139174",
            "display": "Device Feasibility Study (Research Activity)"
          }
        ]
      }
    ]
  }
}
